Job Title,Location,Publish Date,Link
CRP Clerical cadre,All India,N/A,https://www.ibps.in/index.php/clerical-cadre
CRP PO/MT,All India,N/A,https://www.ibps.in/index.php/management-trainees/
CRP - SPECIALIST OFFICERS,All India,N/A,https://www.ibps.in/index.php/specialist-officers
CRP - PO/MTs,All India,N/A,https://www.ibps.in/index.php/management-trainees
CRP Specialist Officer,All India,N/A,https://www.ibps.in/index.php/specialist-officers
CRP - RRBs,All India,N/A,https://www.ibps.in/index.php/regional-rural-bank
RECRUITMENT EXAMS,All India,N/A,https://www.ibps.in/index.php/recruitment/
CRP - CLERKS,All India,N/A,https://www.ibps.in/index.php/clerical-cadre
CRP RRB,All India,N/A,https://www.ibps.in/index.php/regional-rural-bank
"Personnel Selection Services for Recruitment, Promotion and Placement",All India,N/A,https://www.ibps.in/index.php/services
